date,avocado_import_qty,avocado_price_adjusted,gas_price_us_cad_l,gas_price_mx_cad_l,gas_price_ca_cad_l,gas_price_integrated_gas_price,mexico_weather_adjusted_state_estado_de_méxico_min_c,mexico_weather_adjusted_state_jalisco_min_c,mexico_weather_adjusted_state_michoacán_min_c,mexico_weather_adjusted_state_sinaloa_min_c,mexico_weather_adjusted_state_estado_de_méxico_mean_c,mexico_weather_adjusted_state_jalisco_mean_c,mexico_weather_adjusted_state_michoacán_mean_c,mexico_weather_adjusted_state_sinaloa_mean_c,mexico_weather_adjusted_state_estado_de_méxico_max_c,mexico_weather_adjusted_state_jalisco_max_c,mexico_weather_adjusted_state_michoacán_max_c,mexico_weather_adjusted_state_sinaloa_max_c,mexico_weather_adjusted_state_estado_de_méxico_precipitation_mm,mexico_weather_adjusted_state_jalisco_precipitation_mm,mexico_weather_adjusted_state_michoacán_precipitation_mm,mexico_weather_adjusted_state_sinaloa_precipitation_mm,tomato_import_partner_mexico_qty,tomato_import_partner_usa_qty,tomato_price_adjusted,xrate_adjusted_mxn_cad,xrate_adjusted_usd_cad,year,month,log_avocado_price_adjusted,log_tomato_price_adjusted
2016-01,7371524.0,,0.8053636990444891,1.0838367,0.947,0.8752219293311423,2.6,6.3,7.2,9.2,11.2,16.2,16.1,18.9,19.8,26.1,24.9,28.6,14.2,8.4,17.0,1.5,21843750.0,3901699.0,,0.07871,1.4226,2016,1,,
2016-02,6118500.0,,0.7277527137086868,1.0510343999999998,0.9057058823529412,0.8102043678313748,2.7,8.2,8.3,12.4,12.6,18.8,18.2,22.3,22.5,29.5,28.2,32.2,5.8,4.8,2.2,0.5,22881859.0,3222170.0,,0.07486,1.3788,2016,2,,
2016-03,6829811.0,,0.7293503213654531,1.0738568,0.9266470588235294,0.8179812908381701,5.7,9.9,10.3,13.6,14.4,19.4,18.9,22.7,23.1,28.9,27.5,31.9,37.4,16.1,22.8,11.6,20563433.0,4964500.0,,0.07499,1.321,2016,3,,
2016-04,7678612.0,,0.7287014088302193,1.0697388,0.9186470588235296,0.8159034520635065,7.8,12.1,12.2,14.9,17.0,22.2,21.4,24.6,26.2,32.2,30.5,34.3,18.5,1.1,3.9,1.5,14424569.0,5613447.0,,0.07332,1.2818,2016,4,,
2016-05,6615593.0,,0.7915402822943881,1.0604096,0.953294117647059,0.8614895293707776,9.8,15.7,14.7,18.7,18.3,25.2,23.8,27.4,26.9,34.6,32.9,36.0,76.7,19.6,27.1,5.3,8563449.0,7482765.0,,0.07136,1.2943,2016,5,,
2016-06,5261834.0,,0.8248829320998253,1.0464768,1.0137058823529412,0.8880840007051718,10.1,16.8,14.9,23.6,16.6,24.5,22.3,30.5,23.0,32.2,29.8,37.5,169.8,171.7,123.8,54.0,5834736.0,7357667.0,,0.06912,1.2887,2016,6,,
2016-07,5528445.0,,0.8288568477390823,1.080241,1.0095882352941177,0.8972068169467694,10.0,16.2,14.1,23.9,16.5,23.0,21.1,30.2,23.1,29.8,28.0,36.5,171.2,240.1,140.5,231.2,4855289.0,7449319.0,,0.0701,1.3046,2016,7,,
2016-08,5711553.0,,0.8069546759796163,1.103872,0.982,0.8838426731857314,10.0,17.2,15.1,23.8,16.8,23.4,21.8,29.4,23.5,29.6,28.4,35.0,200.3,224.8,172.7,229.7,3169683.0,5885852.0,,0.0704,1.2993,2016,8,,
2016-09,5670963.0,,0.8286074163696932,1.0875144,1.002823529411765,0.8978104243999617,9.7,16.4,14.4,23.3,16.2,23.3,21.4,29.2,22.8,30.2,28.4,35.1,140.4,156.5,131.9,151.1,4712853.0,5728233.0,,0.06814,1.3102,2016,9,,
2016-10,5937992.0,,0.8591635252191968,1.1385345,1.052470588235294,0.9343684264769672,7.7,15.0,13.3,21.8,15.1,22.7,21.1,29.3,22.5,30.4,28.9,36.9,31.7,34.0,39.2,19.5,9462020.0,6686721.0,,0.07015,1.3253,2016,10,,
2016-11,6014664.0,,0.8659606224953177,1.10748,1.056,0.9332684357467224,5.6,12.3,10.9,16.7,13.0,20.2,18.9,25.5,20.4,28.1,26.8,34.4,45.3,36.4,28.8,4.8,11646701.0,6906236.0,,0.06712,1.344,2016,11,,
2016-12,5532088.0,,0.8842730377951131,1.091539,1.0763529411764703,0.9449342205742264,5.5,10.1,9.3,12.4,14.1,19.2,18.3,21.5,22.6,28.2,27.3,30.5,3.5,12.7,12.0,19.7,14206428.0,8241657.0,,0.06505,1.3336,2016,12,,
2017-01,7304168.0,1.51,0.8991876705561617,1.0511325,1.114176470588235,0.9510755164481366,1.8,7.6,7.7,10.9,12.3,17.7,17.5,19.7,22.8,27.9,27.3,28.5,0.1,0.3,0.1,3.8,22559833.0,0.0,4.48,0.06165,1.3193,2017,1,0.412109650826833,1.4996230464268938
2017-02,0.0,1.57,0.8891712126295435,1.114695,1.1039411764705882,0.9557529664877392,3.0,8.5,8.1,11.4,13.1,18.9,18.1,20.8,23.1,29.3,28.1,30.3,1.1,2.9,1.0,30.2,21992319.0,5047868.0,4.22,0.06462,1.3107,2017,2,0.45107561936021673,1.4398351280479205
2017-03,7035390.0,1.81,0.9031477171561336,1.2106848,1.0931764705882354,0.9836580090681172,5.1,11.4,10.9,13.6,14.3,21.4,20.3,23.7,23.4,31.4,29.7,33.8,17.0,6.5,14.6,3.6,21216792.0,0.0,4.2,0.06942,1.3386,2017,3,0.5933268452777344,1.4350845252893227
2017-04,5888440.0,2.01,0.9170874489157054,1.2632004,1.0947647058823529,1.004077764829229,6.5,11.8,11.3,14.8,15.9,22.2,21.5,24.6,25.2,32.7,31.8,34.5,14.3,0.1,1.8,0.5,12582779.0,6162711.0,4.57,0.07161,1.344,2017,4,0.6981347220709843,1.5195132049061133
2017-05,5981296.0,2.13,0.920215247489704,1.2928533,1.0692941176470587,1.0096507450074987,9.7,15.0,14.4,17.9,18.2,25.0,24.0,26.5,26.7,35.0,33.5,35.0,86.6,6.8,29.5,0.7,8584368.0,5493677.0,4.79,0.07251,1.3607,2017,5,0.7561219797213337,1.5665304114228238
2017-06,4846083.0,2.17,0.8821046597330277,1.3221399000000005,1.0491176470588237,0.9868130065190016,9.9,17.8,15.9,22.5,17.4,25.9,23.7,29.8,25.0,34.0,31.5,37.1,119.7,101.8,116.1,12.5,7114020.0,6091654.0,4.84,0.07333,1.3298,2017,6,0.7747271675523681,1.5769147207285403
2017-07,0.0,1.97,0.836679355736895,1.2992521,1.0225882352941178,0.9477847925452384,9.7,17.0,14.8,24.2,16.2,23.6,21.6,30.6,22.7,30.3,28.3,36.9,174.5,233.3,159.4,169.5,4940476.0,7454176.0,4.66,0.07127,1.2689,2017,7,0.6780335427498971,1.5390154481375546
2017-08,5354185.0,2.13,0.8641065300720397,1.3045044,1.0511176470588235,0.9708872157563102,10.1,17.3,15.3,24.3,16.8,24.0,22.1,30.3,23.5,30.6,28.9,36.3,209.5,266.8,228.4,248.3,3231684.0,5383462.0,4.56,0.07082,1.2605,2017,8,0.7561219797213337,1.5173226235262947
2017-09,6241156.0,2.12,0.90368427726455,1.2825456,1.0851176470588235,0.9975998787910674,9.6,16.7,14.7,23.2,15.9,23.0,21.3,29.4,22.1,29.3,28.0,35.6,186.3,247.4,190.9,162.9,4003190.0,5677065.0,4.78,0.06888,1.2283,2017,9,0.7514160886839212,1.5644405465033646
2017-10,6934184.0,2.07,0.9303713468290092,1.2597057,1.1219411764705882,1.0153952004273652,7.9,14.8,12.9,22.0,15.1,22.3,20.7,29.5,22.4,29.8,28.6,37.1,53.0,59.4,50.2,49.0,7314774.0,0.0,4.94,0.06697,1.2605,2017,10,0.7275486072772777,1.5973653311998313
2017-11,7192742.0,1.57,0.9812681057005712,1.2835552,1.201470588235294,1.0637457728139292,3.3,10.7,9.2,16.8,13.1,20.4,18.9,26.0,22.9,30.0,28.5,35.3,3.3,0.9,0.4,0.1,13037923.0,5032935.0,5.25,0.06752,1.2769,2017,11,0.45107561936021673,1.6582280766035324
2017-12,6624548.0,1.76,0.9814218010730672,1.281024,1.216764705882353,1.0648765313393824,2.5,9.6,7.1,13.9,12.7,18.3,16.8,22.0,22.9,27.0,26.5,30.1,0.1,19.8,0.3,17.6,14678862.0,4907814.0,5.84,0.06672,1.2771,2017,12,0.5653138090500605,1.7647307968401356
2018-01,7853869.0,1.48,0.990769454299534,1.275162,1.2511764705882351,1.0736886650684974,1.3,8.0,6.4,10.8,11.1,17.3,16.1,20.9,20.8,26.5,25.8,31.0,11.5,14.8,15.4,0.4,23336357.0,5627533.0,4.69,0.06573,1.2427,2018,1,0.3920420877760237,1.545432582458188
2018-02,7141789.0,1.62,1.012755712062894,1.3187546,1.251294117647059,1.0978093302087315,4.9,11.0,10.2,14.1,14.0,19.7,19.0,22.3,23.1,28.5,27.8,30.6,17.5,16.2,16.2,14.7,21007068.0,4565212.0,4.19,0.06749,1.2586,2018,2,0.4824261492442928,1.4327007339340465
2018-03,8160216.0,1.81,1.0207828478289007,1.3669728,1.247,1.1126425534802304,6.2,10.9,11.7,12.9,15.9,21.4,21.5,22.9,25.5,31.9,31.2,32.9,6.8,0.1,0.4,0.1,21424988.0,5635357.0,4.58,0.06946,1.2932,2018,3,0.5933268452777344,1.5216989981260935
2018-04,7727575.0,1.75,1.0414028599279868,1.3729314,1.2580588235294117,1.129374164302532,7.2,12.7,13.1,14.9,16.2,22.6,22.5,25.0,25.1,32.6,32.0,35.0,41.7,2.2,6.6,0.1,13784223.0,5900731.0,4.22,0.06927,1.2733,2018,4,0.5596157879354227,1.4398351280479205
2018-05,7269038.0,1.7,1.1031833275655742,1.3166221,1.3062352941176472,1.1661762787076666,8.6,16.4,15.2,18.8,17.2,25.0,23.7,28.0,25.7,33.6,32.3,37.2,89.5,57.7,80.1,0.6,10109729.0,6113971.0,4.7,0.06593,1.2873,2018,5,0.5306282510621704,1.547562508716013
2018-06,7221515.0,1.83,1.1282433606927649,1.3009159,1.3201764705882355,1.1819711795437589,9.9,17.4,15.8,23.6,16.8,24.2,22.7,30.3,23.7,31.0,29.6,37.1,241.2,201.4,246.8,98.3,7720978.0,7096690.0,4.53,0.06469,1.3129,2018,6,0.6043159668533296,1.5107219394949427
2018-07,7346800.0,1.76,1.121392134537606,1.4027175,1.3038823529411765,1.195906229470442,8.8,16.3,14.8,24.3,16.4,23.5,22.1,30.8,23.9,30.7,29.3,37.4,112.6,147.8,118.8,148.5,5637483.0,7732161.0,4.85,0.06927,1.313,2018,7,0.5653138090500605,1.5789787049493917
2018-08,7217851.0,1.94,1.10862331953474,1.4093568,1.2943529411764707,1.1873429777919653,9.5,16.3,14.8,23.6,16.1,23.1,21.7,29.6,22.7,29.8,28.7,35.7,223.9,206.9,215.0,291.1,4790284.0,5545322.0,4.5,0.06912,1.3041,2018,8,0.6626879730752367,1.5040773967762742
2018-09,7246886.0,1.96,1.1234369328553575,1.408358,1.309764705882353,1.1990539235869857,9.7,16.5,14.9,23.4,16.2,22.8,21.7,29.0,22.7,29.1,28.6,34.7,172.2,201.6,161.9,320.4,5371477.0,5350197.0,4.7,0.0686,1.3037,2018,9,0.6729444732424258,1.547562508716013
2018-10,7542001.0,1.87,1.1565101270403997,1.402104,1.3465882352941176,1.2246367124576911,9.1,15.2,14.2,21.5,15.6,21.8,21.2,27.7,22.1,28.5,28.2,33.9,112.6,149.8,147.4,70.5,11238534.0,6587963.0,4.99,0.0678,1.301,2018,10,0.6259384308664954,1.6074359097634274
2018-11,7683651.0,1.81,1.1507340023933998,1.3576722,1.3288823529411764,1.2099364769694976,5.9,10.3,10.4,15.2,13.5,18.4,18.6,23.6,21.1,26.5,26.9,31.9,64.5,75.9,100.9,5.6,13330395.0,6333820.0,5.2,0.06521,1.32,2018,11,0.5933268452777344,1.6486586255873816
2018-12,7883427.0,1.83,1.108153040225497,1.4003375999999998,1.253294117647059,1.181104059922554,4.1,7.6,7.8,12.0,13.0,16.7,17.0,20.3,22.0,25.7,26.2,28.6,4.8,1.7,4.8,51.1,15759087.0,6655382.0,5.57,0.06681,1.3432,2018,12,0.6043159668533296,1.7173950539391927
2019-01,8533149.0,1.76,1.047098729067657,1.464129,1.206,1.14639491034736,3.0,8.1,8.1,11.5,12.4,17.5,17.5,20.4,21.7,26.8,26.9,29.2,4.1,8.4,8.1,11.3,22905176.0,5672304.0,4.64,0.06939,1.3301,2019,1,0.5653138090500605,1.534714366238164
2019-02,8642527.0,1.71,1.0455507329457046,1.4401933,1.2254705882352943,1.1424712318855226,4.7,9.6,9.8,12.0,14.5,19.7,19.9,20.8,24.4,29.9,30.0,29.6,5.8,1.1,1.0,1.2,21891540.0,4383383.0,4.18,0.06881,1.3206,2019,2,0.5364933705145685,1.430311246536665
2019-03,8643698.0,1.7,1.0862751458890847,1.442125,1.2615882352941177,1.174976425651771,6.1,10.8,11.3,12.7,16.1,21.4,21.5,22.7,26.1,31.9,31.6,32.7,6.7,0.1,0.7,4.8,21579553.0,5433333.0,4.21,0.0695,1.3368,2019,3,0.5306282510621704,1.43746264769429
2019-04,7142986.0,1.95,1.1029911687241276,1.4510958,1.2975294117647058,1.1920659192833598,7.0,11.4,11.3,14.5,16.7,22.0,21.8,24.2,26.4,32.6,32.3,34.0,7.3,0.1,1.4,0.0,14177515.0,5517225.0,4.31,0.07051,1.3378,2019,4,0.6678293725756554,1.4609379041156563
2019-05,7332632.0,2.26,1.123891441085642,1.4374763000000002,1.3115882352941175,1.205378092289361,9.1,14.5,14.0,16.6,18.4,24.4,23.9,26.0,27.8,34.3,33.7,35.4,33.3,6.0,19.4,0.3,8075137.0,5720954.0,4.59,0.07043,1.3459,2019,5,0.8153648132841944,1.5238800240724537
2019-06,5895307.0,2.24,1.084256210027447,1.3946562,1.246,1.1625105870192132,10.5,17.7,15.7,22.3,17.7,25.5,23.5,30.0,24.8,33.3,31.3,37.7,152.0,96.3,110.4,12.0,6421011.0,6282762.0,4.67,0.06894,1.3287,2019,6,0.8064758658669485,1.541159071680806
2019-07,5705382.0,2.2,1.0538500453055282,1.3797267999999998,1.2334117647058824,1.136981568184458,9.6,16.7,14.8,24.4,16.5,23.7,22.4,31.0,23.4,30.8,29.9,37.6,181.9,217.7,179.8,150.3,4879007.0,6779370.0,4.7,0.06878,1.3101,2019,7,0.7884573603642703,1.547562508716013
2019-08,6285274.0,2.23,1.0539779046391275,1.3409837999999998,1.2178235294117647,1.1277636461885658,9.5,16.7,14.7,24.3,16.4,23.4,22.1,30.2,23.3,30.1,29.4,36.2,138.5,171.7,154.5,339.6,3873161.0,4809165.0,4.45,0.06742,1.3277,2019,8,0.8020015854720274,1.4929040961781488
2019-09,7256363.0,2.16,1.054967784203032,1.3347612000000002,1.2303529411764706,1.1284649830597695,9.1,16.4,14.3,23.4,15.8,23.0,21.5,29.0,22.4,29.5,28.7,34.6,140.1,239.8,194.1,199.3,5222581.0,5220317.0,4.6,0.06772,1.3241,2019,9,0.7701082216960737,1.5260563034950492
2019-10,7332507.0,1.92,1.0637967881946735,1.3334095999999998,1.2722941176470588,1.1385690835009772,9.1,15.6,14.2,21.8,15.6,22.2,21.2,28.2,22.1,28.7,28.3,34.6,133.4,128.6,128.8,39.4,9320583.0,5393417.0,4.74,0.06824,1.319,2019,10,0.6523251860396901,1.556037135706985
2019-11,8427280.0,1.77,1.0733445254278928,1.3260702,1.2985294117647057,1.1464081489759956,7.4,13.9,13.0,18.5,14.6,20.9,20.6,25.3,21.7,27.9,28.3,32.1,33.5,50.5,29.3,159.5,12041690.0,6454012.0,5.04,0.06846,1.3239,2019,11,0.5709795465857378,1.6174060820832772
2019-12,7852738.0,1.62,1.063040991596683,1.322191,1.3042941176470588,1.1389963058823838,4.0,9.9,9.5,13.1,12.3,18.3,18.3,21.2,20.7,26.7,27.1,29.2,1.0,6.1,2.2,10.6,11932783.0,5863170.0,5.36,0.0689,1.3172,2019,12,0.4824261492442928,1.6789639750827108
2020-01,9177692.0,1.66,1.0537610456991449,1.323792,1.2991176470588237,1.1323028966952835,3.1,9.3,8.8,11.4,11.8,17.8,17.7,19.9,20.4,26.2,26.5,28.4,7.8,49.8,6.8,21.4,17628030.0,6185902.0,4.78,0.0696,1.3087,2020,1,0.5068176023684519,1.5644405465033646
2020-02,7714833.0,1.73,1.0213493386449553,1.3287365,1.2319411764705883,1.1038859546985276,5.0,10.8,10.2,12.0,14.0,19.5,19.5,20.5,23.1,28.2,28.7,29.1,8.0,55.6,29.8,54.9,15780083.0,4467671.0,4.66,0.07049,1.3286,2020,2,0.5481214085096876,1.5390154481375546
2020-03,9500597.0,1.99,1.005907867311599,1.1693021,1.1034117647058823,1.0483371035887077,6.6,13.0,12.2,14.2,16.3,22.4,21.7,22.9,25.9,31.7,31.2,31.5,16.2,1.1,9.0,3.0,19336489.0,4180078.0,4.88,0.06263,1.3953,2020,3,0.688134638736401,1.5851452198650557
2020-04,7192417.0,1.98,0.9258335028438132,1.073555,0.980764705882353,0.9608709225789046,8.9,13.5,13.5,14.7,17.6,23.2,23.2,24.4,26.2,32.8,32.8,34.0,29.3,1.4,5.1,1.7,9805423.0,3137257.0,4.12,0.05803,1.4058,2020,4,0.6830968447064438,1.415853163361435
2020-05,9434396.0,2.08,0.8827640863209004,1.1218914,0.9124117647058824,0.9335543168952186,8.4,14.2,13.5,18.3,16.8,23.5,23.0,27.3,25.2,32.8,32.4,36.3,26.6,16.0,9.8,2.3,7105277.0,3532656.0,5.19,0.05958,1.397,2020,5,0.7323678937132266,1.6467336971777973
2020-06,8434269.0,2.04,0.8619515455393206,1.1653443,0.9616470588235292,0.9325996477598774,9.4,17.4,14.9,23.5,16.8,24.9,22.9,30.6,24.2,32.4,30.9,37.7,115.6,81.7,92.5,14.9,6632907.0,4337200.0,4.92,0.06079,1.355,2020,6,0.712949807856125,1.5933085305042167
2020-07,7678595.0,2.02,0.8679790564298188,1.176045,1.008,0.9435943395008732,9.8,16.9,14.7,24.5,16.6,23.5,22.0,30.7,23.3,30.1,29.3,36.9,184.2,209.3,155.9,221.8,6722579.0,5242220.0,5.0,0.06031,1.3499,2020,7,0.7030975114131134,1.6094379124341003
2020-08,6758550.0,1.78,0.8484216504949265,1.1820663,1.010470588235294,0.9313554741699778,9.9,16.8,14.7,25.0,16.0,23.1,21.5,31.0,22.2,29.5,28.3,37.1,184.5,254.4,201.0,162.3,4939524.0,4494728.0,4.55,0.05961,1.3222,2020,8,0.5766133643039938,1.5151272329628591
2020-09,7656271.0,1.79,0.8435649506922632,1.2325887,0.992,0.9362132054845842,9.5,16.3,14.2,24.2,15.6,22.7,21.0,30.0,21.7,29.0,27.9,35.9,150.6,167.4,167.6,150.6,6537549.0,4395699.0,4.42,0.06111,1.3228,2020,9,0.5822156198526637,1.4861396960896067
2020-10,9287201.0,1.57,0.8340083372739014,1.27346,1.0088823529411763,0.9393860713858486,5.4,14.0,11.5,22.3,14.0,22.2,20.2,29.5,22.6,30.4,28.9,36.6,29.2,24.5,20.2,6.4,11372382.0,4257337.0,5.0,0.06212,1.3215,2020,10,0.45107561936021673,1.6094379124341003
2020-11,8792853.0,1.61,0.8395755281462245,1.3337449,1.0367647058823528,0.9581283202905924,4.4,11.6,10.3,16.5,13.2,20.6,19.4,25.4,22.0,29.6,28.5,34.2,3.5,0.1,2.9,1.9,12687169.0,5234146.0,4.9,0.06403,1.3068,2020,11,0.4762341789963717,1.589235205116581
2020-12,8043213.0,1.61,0.8746392068494561,1.3586906,1.0838235294117646,0.9923679177357958,4.7,9.2,9.0,11.4,12.8,17.9,17.8,20.4,20.9,26.5,26.6,29.3,3.3,12.9,2.4,12.3,13907253.0,5024945.0,5.16,0.06418,1.2808,2020,12,0.4762341789963717,1.6409365794934714
2021-01,,1.54,0.901171709273236,1.37342,1.1283529411764706,1.0183394906089125,3.4,7.9,8.1,9.7,12.4,17.5,17.5,19.2,21.4,27.1,26.9,28.6,4.1,1.1,0.2,14.9,19806727.0,4041082.0,4.97,0.06388,1.2724,2021,1,0.43178241642553783,1.6034198401085373
2021-02,,1.41,0.9550894883249106,1.3539416000000002,1.1780588235294118,1.0571568441803785,3.1,9.4,7.9,11.1,13.2,19.3,18.1,20.5,23.3,29.2,28.3,29.9,0.5,0.3,0.0,0.6,20978920.0,3789623.0,4.38,0.06248,1.2699,2021,2,0.34358970439007686,1.4770487243883548
2021-03,,1.57,1.047000140011254,1.3222431,1.241235294117647,1.1214722474196424,6.3,10.6,10.9,10.7,16.2,21.2,21.0,21.4,26.0,31.8,31.1,32.1,9.9,0.0,0.9,0.0,18763858.0,5061578.0,4.39,0.06057,1.2574,2021,3,0.45107561936021673,1.47932922708708
2021-04,,1.74,1.0332428983914557,1.37192,1.2525882352941178,1.1229128524034309,7.6,12.8,11.8,14.6,16.9,22.8,21.8,24.6,26.3,32.9,31.8,34.6,18.3,0.8,2.4,0.8,11921201.0,4946083.0,4.18,0.06236,1.2496,2021,4,0.5538851132264376,1.430311246536665
2021-05,,1.7,1.0305182793937775,1.3459407,1.2797058823529412,1.1185215238109385,9.2,15.0,13.6,18.6,17.1,23.9,22.3,27.6,25.0,32.9,31.1,36.6,78.7,17.1,26.5,3.2,7586261.0,4466284.0,4.81,0.06071,1.2126,2021,5,0.5306282510621704,1.5706970841176697
2021-06,,1.79,1.0610172478014268,1.3627999,1.3039411764705884,1.1456661711080576,10.0,17.2,14.9,23.8,16.1,23.6,21.5,30.6,22.2,29.9,28.2,37.4,190.3,234.3,225.0,107.3,6249210.0,5431781.0,4.99,0.06103,1.2219,2021,6,0.5822156198526637,1.6074359097634274
2021-07,,1.78,1.1051466287667648,1.41165,1.3261764705882353,1.1885502871955589,9.3,17.2,14.7,24.2,15.8,23.1,21.4,30.2,22.3,29.0,28.0,36.3,164.1,256.4,170.7,184.0,6033573.0,5240783.0,5.26,0.06274,1.2529,2021,7,0.5766133643039938,1.6601310267496185
2021-08,,1.84,1.1153362515553138,1.4223158000000002,1.3310588235294118,1.198304418441661,9.5,17.1,14.8,24.3,15.8,23.1,21.2,30.1,22.1,29.0,27.7,35.9,179.8,271.0,245.6,391.7,5438646.0,4107895.0,4.78,0.06274,1.2603,2021,8,0.6097655716208943,1.5644405465033646
2021-09,,1.87,1.1327350009642283,1.4446824,1.3516470588235296,1.2170156865573127,9.6,16.9,14.7,23.9,15.5,22.6,21.1,29.4,21.5,28.3,27.5,34.9,213.6,235.6,182.5,141.9,7018393.0,4415287.0,4.66,0.06328,1.2671,2021,9,0.6259384308664954,1.5390154481375546
2021-10,,1.76,1.1867259821261107,1.39932,1.4583529411764704,1.2564074816059243,8.5,15.7,14.0,21.7,15.4,22.3,21.0,28.4,22.4,28.9,28.0,35.0,68.5,87.6,117.4,71.3,10735333.0,5628072.0,4.98,0.06084,1.2437,2021,10,0.5653138090500605,1.6054298910365616
2021-11,,1.65,1.237604116859204,1.3939072,1.477058823529412,1.292810204154384,4.7,11.4,10.1,17.0,12.9,19.8,18.5,25.4,21.0,28.2,26.8,33.8,4.5,1.4,1.8,4.2,11034430.0,6545016.0,5.21,0.06016,1.257,2021,11,0.5007752879124892,1.6505798557652755
2021-12,,1.67,1.2305920362655565,1.4277959999999998,1.4538823529411764,1.2923618606800071,4.6,9.8,8.5,12.9,13.3,18.7,17.8,22.0,22.0,27.7,27.0,31.1,1.5,0.8,1.1,33.1,13374423.0,7596526.0,5.44,0.0612,1.2794,2021,12,0.5128236264286637,1.6937790608678513
2022-01,8665961.0,1.71,1.241133298638721,1.446425,1.5248823529411766,1.3105665443412222,3.6,9.4,8.9,12.1,12.3,18.2,17.6,20.7,21.0,27.0,26.3,29.3,11.6,1.2,3.6,0.7,16910716.0,6501386.0,4.94,0.06155,1.2616,2022,1,0.5364933705145685,1.5973653311998313
2022-02,7943381.0,1.79,1.354434843253439,1.4625401999999998,1.623764705882353,1.4029889008656424,4.2,9.8,9.3,10.2,13.1,19.1,18.5,20.0,22.0,28.4,27.6,29.9,3.3,0.4,1.9,3.4,14699455.0,5605508.0,4.46,0.06213,1.2716,2022,2,0.5822156198526637,1.4951487660319727
2022-03,8445514.0,1.9,1.7070565671882303,1.4526191,1.9168823529411765,1.677151652325879,5.6,10.5,9.9,10.5,15.1,20.5,19.9,21.3,24.6,30.6,29.9,32.1,5.0,0.0,0.4,0.4,16530189.0,6695191.0,4.26,0.06163,1.2658,2022,3,0.6418538861723947,1.449269160281279
2022-04,6931244.0,2.14,1.7080147196736946,1.483732,2.0035882352941177,1.692715527300998,8.1,13.1,12.9,15.4,16.7,22.8,22.5,24.7,25.4,32.5,32.1,34.0,36.1,2.6,4.9,0.9,12288843.0,5493093.0,4.25,0.06287,1.2628,2022,4,0.7608058290337602,1.4469189829363254
2022-05,7990404.0,2.15,1.8914329491389303,1.5162696,2.223411764705882,1.84959816086784,9.0,15.6,14.7,18.4,17.9,24.7,23.9,27.1,26.8,33.9,33.2,35.8,39.0,9.3,9.9,0.0,8077763.0,5802637.0,4.7,0.06414,1.2852,2022,5,0.7654678421395714,1.547562508716013
2022-06,5719993.0,2.15,1.9477878486082087,1.5164672,2.217941176470588,1.888539051672805,9.6,17.5,15.1,23.7,16.4,24.2,22.5,30.2,23.2,31.0,29.9,36.7,154.1,139.6,163.5,95.5,6800330.0,5580478.0,4.98,0.06404,1.2814,2022,6,0.7654678421395714,1.6054298910365616
2022-07,6196608.0,1.99,1.8756174892547968,1.4932558,2.0515882352941177,1.8167422260077692,10.0,17.2,14.7,24.4,16.6,23.5,21.7,30.3,23.2,29.9,28.8,36.3,178.2,236.8,197.5,200.3,6736853.0,5562161.0,5.16,0.06298,1.2942,2022,7,0.688134638736401,1.6409365794934714
2022-08,6383921.0,1.94,1.7112541574096332,1.5250576,1.9105882352941177,1.693948253716155,9.8,17.1,14.4,23.8,16.1,23.1,21.4,29.1,22.3,29.2,28.3,34.4,173.7,248.6,171.2,339.3,5780170.0,4469556.0,4.97,0.06424,1.2922,2022,8,0.6626879730752367,1.6034198401085373
2022-09,7318996.0,1.59,1.7567916553292775,1.5778030000000005,1.9466470588235296,1.7399794646128472,10.1,16.9,14.4,23.8,15.9,22.9,21.1,29.2,21.7,28.9,27.9,34.7,150.5,129.4,140.8,184.1,6656327.0,4636752.0,4.5,0.06635,1.3319,2022,9,0.4637340162321402,1.5040773967762742
2022-10,7880818.0,1.69,1.8859436626415635,1.6326228,2.1671764705882355,1.8634027709079175,8.5,14.8,13.0,20.4,15.4,21.9,20.7,27.4,22.4,29.1,28.3,34.4,69.0,86.6,57.5,30.9,10675166.0,5677577.0,4.74,0.06854,1.37,2022,10,0.5247285289349821,1.556037135706985
2022-11,8127552.0,1.6,1.8670235192489053,1.648989,2.284235294117647,1.865137792885999,7.1,11.8,11.9,14.0,14.7,20.3,20.4,22.5,22.3,28.8,28.9,31.0,23.2,3.3,7.7,0.0,12190868.0,4312258.0,5.73,0.06914,1.3449,2022,11,0.47000362924573563,1.7457155307266483
2022-12,9107195.0,1.59,1.6926221466102749,1.6541675999999998,2.1143529411764708,1.7271043167448397,5.5,9.2,8.4,11.5,13.1,18.0,17.5,20.6,20.7,26.8,26.6,29.8,5.6,1.4,1.9,0.4,13853599.0,5865546.0,5.57,0.06927,1.3592,2022,12,0.4637340162321402,1.7173950539391927
2023-01,9385266.0,1.48,1.6225209950837556,1.6937752,1.996117647058824,1.6741315012645113,3.1,7.8,7.8,10.5,12.2,17.4,17.5,19.8,21.3,26.9,27.3,29.1,0.7,0.3,0.4,7.8,17934331.0,5406116.0,5.01,0.07081,1.3422,2023,1,0.3920420877760237,1.6114359150967734
2023-02,8009837.0,1.35,1.5679899931579406,1.729912,1.871,1.6306753952105584,3.9,10.0,9.2,10.7,13.4,19.4,19.1,19.9,22.8,28.8,29.1,29.0,1.1,0.0,0.2,3.3,17180125.0,5038895.0,4.48,0.0722,1.345,2023,2,0.30010459245033816,1.4996230464268938
2023-03,9721765.0,1.47,1.5220254080799704,1.7841363,1.759764705882353,1.5982215162442146,6.6,11.2,11.2,12.1,15.7,21.1,21.0,21.8,24.9,31.0,30.8,31.4,17.6,0.4,5.0,0.6,18786853.0,5262257.0,4.41,0.07437,1.3682,2023,3,0.3852624007906449,1.4838746894587547
2023-04,9188375.0,1.74,1.4602121038407994,1.790691,1.6922352941176473,1.5495102021003242,8.2,13.0,13.9,14.2,16.5,21.9,22.3,24.1,24.8,30.8,30.7,34.0,18.7,0.1,1.4,1.1,12876001.0,5643176.0,4.24,0.07455,1.3485,2023,4,0.5538851132264376,1.4445632692438664
2023-05,9600053.0,1.61,1.3982844658834843,1.8340938,1.5880588235294115,1.5044237684713802,9.5,15.6,15.6,18.0,17.6,24.4,24.2,26.9,25.7,33.2,32.7,35.8,80.2,4.0,17.0,1.0,9344815.0,6223735.0,4.38,0.07623,1.352,2023,5,0.4762341789963717,1.4770487243883548
2023-06,9018337.0,1.61,1.3346236206910214,1.857628,1.5693529411764706,1.462697428601362,9.8,17.6,16.6,22.4,18.4,26.5,25.4,30.1,26.9,35.3,34.3,37.7,35.6,56.1,42.3,5.6,8095538.0,5716662.0,4.98,0.07708,1.3288,2023,6,0.4762341789963717,1.6054298910365616
2023-07,7578219.0,1.67,1.3552199101286253,1.886966,1.6363529411764708,1.4896824312076848,10.2,17.8,15.7,25.5,16.9,24.3,22.9,31.5,23.5,30.9,30.0,37.4,190.2,198.6,158.7,186.7,6719324.0,6444741.0,4.84,0.0782,1.3215,2023,7,0.5128236264286637,1.5769147207285403
2023-08,7058267.0,1.78,1.5567521087544016,1.919512,1.841058823529412,1.6577347584810225,10.1,17.1,15.2,24.9,16.5,23.5,22.3,30.9,22.8,30.0,29.4,36.9,169.3,190.0,158.3,191.2,4725588.0,6328540.0,4.57,0.07945,1.3485,2023,8,0.5766133643039938,1.5195132049061133
2023-09,8242230.0,1.73,1.6315327798045651,1.89244,1.9328823529411765,1.713849181157313,9.4,17.0,14.1,25.5,16.6,23.7,21.9,31.8,23.7,30.5,29.6,38.0,75.5,118.8,82.1,80.5,6218701.0,5322204.0,4.52,0.0782,1.3535,2023,9,0.5481214085096876,1.5085119938441398
2023-10,8568906.0,1.88,1.633178942307438,1.8416678,1.920705882352941,1.7036294078505003,9.2,15.5,13.9,22.2,15.8,21.8,20.9,28.3,22.4,28.0,27.9,34.5,110.0,156.9,149.7,240.8,10228556.0,5010875.0,4.76,0.07582,1.3717,2023,10,0.6312717768418578,1.5602476682433286
2023-11,9557034.0,1.67,1.5406015728811409,1.9240115,1.9128235294117648,1.654505753957975,6.9,13.1,11.8,17.8,14.5,20.5,20.1,25.3,22.1,27.9,28.3,32.8,77.5,18.5,30.6,13.5,11142006.0,6720740.0,4.74,0.07895,1.3709,2023,11,0.5128236264286637,1.556037135706985
2023-12,8635425.0,1.63,1.409303932731197,1.9095922,1.8026470588235293,1.5486958987941908,5.4,10.4,10.0,13.0,12.1,17.1,17.6,22.2,18.7,23.7,25.2,31.4,15.2,37.6,25.4,1.6,11131964.0,6219590.0,5.07,0.07807,1.3431,2023,12,0.4885800148186709,1.623340817603092
2024-01,9540654.0,1.53,1.3668255222023509,1.9288935,1.749,1.5174565655416454,4.4,8.9,8.6,10.9,12.9,17.4,17.6,19.7,21.4,25.9,26.6,28.6,2.1,0.9,0.2,0.9,14493355.0,5580976.0,5.28,0.07857,1.3425,2024,1,0.4252677354043441,1.6639260977181702
2024-02,9580227.0,1.46,1.4423284135668262,1.9450311,1.8023529411764707,1.5788714036144254,4.1,9.9,9.2,11.7,13.9,18.9,19.1,20.7,23.6,27.9,28.9,29.8,20.6,31.2,15.9,16.4,18591817.0,4701798.0,4.39,0.07897,1.3501,2024,2,0.37843643572024505,1.47932922708708
2024-03,9674998.0,1.66,1.4385194206175818,1.9939152,1.7802941176470588,1.5837760461970132,6.4,10.7,9.8,11.9,16.4,20.7,20.5,21.7,26.5,30.7,31.2,31.6,0.1,0.0,0.0,0.9,19393955.0,4684314.0,4.48,0.08066,1.3539,2024,3,0.5068176023684519,1.4996230464268938
2024-04,9357584.0,1.61,1.4456385966117276,2.019534,1.7972352941176473,1.595577347039974,8.9,13.2,12.9,14.2,17.7,22.7,22.8,24.2,26.6,32.2,32.7,34.3,8.8,0.2,0.6,0.2,14137731.0,5307939.0,3.98,0.0814,1.3674,2024,4,0.4762341789963717,1.3812818192963463
2024-05,8602551.0,1.7,1.3802135039533363,2.0238059,1.731470588235294,1.544057691590865,11.6,16.1,15.5,18.0,20.5,25.7,25.3,27.7,29.5,35.3,35.1,37.5,25.3,5.1,6.5,0.0,10570970.0,6794554.0,4.2,0.08131,1.367,2024,5,0.5306282510621704,1.4350845252893227
2024-06,8189314.0,1.73,1.3477391880932317,1.8794952,1.7201176470588235,1.4913282363711444,11.4,18.5,16.3,22.4,18.3,25.8,24.3,29.5,25.3,33.1,32.3,36.5,160.3,127.3,99.3,40.3,7904007.0,6720273.0,4.46,0.07524,1.3707,2024,6,0.5481214085096876,1.4951487660319727
2024-07,5987954.0,1.92,1.3801073067382397,1.8998046,1.7507058823529411,1.5211066229520618,11.0,18.0,15.2,25.3,16.8,23.6,21.8,31.6,22.5,29.2,28.4,37.9,267.3,299.4,269.3,150.2,5569809.0,6381608.0,4.83,0.07578,1.3712,2024,7,0.6523251860396901,1.5748464676644813
2024-08,6702367.0,1.85,1.334397066632148,1.7944524999999998,1.7081764705882352,1.463786093701327,10.6,17.5,15.0,24.8,16.7,23.6,21.7,30.7,22.7,29.7,28.4,36.7,258.8,239.4,229.2,209.9,6026821.0,5072660.0,4.58,0.07135,1.3652,2024,8,0.6151856390902335,1.5216989981260935
2024-09,9198952.0,1.65,1.2732218702861775,1.7450935999999997,1.648470588235294,1.4051210880238536,11.4,18.0,15.3,24.1,16.8,23.9,21.6,30.7,22.3,29.8,28.0,37.3,232.8,224.1,310.8,117.3,8531022.0,5181799.0,4.27,0.06914,1.3546,2024,9,0.5007752879124892,1.451613827240533
2024-10,9320804.0,1.73,1.3026772529263673,1.7667675,1.6837058823529412,1.4335981652837513,7.8,14.5,12.2,22.7,14.5,22.0,20.0,30.3,21.2,29.5,27.8,38.0,54.6,45.6,34.5,18.3,11050397.0,6100121.0,4.5,0.06975,1.3755,2024,10,0.5481214085096876,1.5040773967762742
2024-11,8369909.0,1.55,1.300254133634137,1.7466834,1.714058823529412,1.4309204558968374,5.2,13.0,10.7,14.7,13.9,21.3,19.7,23.9,22.6,29.6,28.6,33.2,13.1,5.7,8.8,1.5,12763706.0,4251690.0,5.06,0.06874,1.3975,2024,11,0.4382549309311553,1.6213664832993742
2024-12,9372492.0,1.62,1.3143770423811425,1.791885,1.7078235294117647,1.449223282607976,4.7,10.7,8.3,11.7,13.1,19.3,17.7,21.7,21.5,27.9,27.2,31.6,3.2,1.8,5.6,1.0,13600443.0,4691826.0,5.12,0.07027,1.424,2024,12,0.4824261492442928,1.6331544390514163
2025-01,9094502.0,1.68,1.38144243292008,1.7934682999999998,1.8014705882352944,1.5058504218675854,4.9,9.9,8.3,9.9,13.1,18.2,17.5,19.3,21.3,26.5,26.7,28.7,30.5,7.3,18.5,12.8,18802816.0,6945435.0,4.94,0.07003,1.439,2025,1,0.5187937934151675,1.5973653311998313
2025-02,8162032.0,1.57,1.3883879157079415,1.7962847999999998,1.818235294117647,1.5129520304073238,6.0,10.7,9.7,10.3,14.5,20.2,19.3,21.5,22.9,29.7,28.9,32.6,19.3,0.9,3.2,0.0,17386468.0,5461864.0,4.37,0.06984,1.4301,2025,2,0.45107561936021673,1.4747630091074988
2025-03,8303320.0,1.77,1.3598795110701352,1.8324454,1.7661176470588236,1.4950165024549769,6.8,10.7,10.3,11.2,16.3,21.0,20.7,22.0,25.7,31.2,31.1,32.7,2.7,0.0,0.1,0.0,17964211.0,2867441.0,4.47,0.07097,1.4359,2025,3,0.5709795465857378,1.4973884086254774
2025-04,8901262.0,1.78,1.3180922542076023,1.8104326,1.5058823529411764,1.4353393332394393,7.0,12.6,11.3,15.0,16.6,22.5,21.6,24.9,26.2,32.3,31.8,34.9,4.6,0.0,0.2,0.0,12894443.0,3329304.0,4.17,0.06982,1.3988,2025,4,0.5766133643039938,1.4279160358107101
2025-05,8948663.0,1.86,1.2811330873009792,1.8561312,1.4650588235294115,1.4145252834636266,10.7,16.2,14.8,18.3,18.5,24.8,23.8,27.6,26.4,33.4,32.7,36.9,110.0,29.2,46.0,1.5,10239434.0,3002193.0,4.45,0.07128,1.386,2025,5,0.62057648772511,1.4929040961781488
2025-06,7223827.0,1.76,1.3000632956535751,1.8788775,1.487941176470588,1.4346139246045613,11.6,18.5,15.1,24.8,17.0,24.4,21.6,31.2,22.3,30.3,28.0,37.7,259.1,231.4,245.3,89.5,8400791.0,3549372.0,4.71,0.07185,1.3674,2025,6,0.5653138090500605,1.5496879080283263
2025-07,7403208.0,1.55,1.3667816432037745,1.9232824,1.5504117647058822,1.4964448067132303,10.2,17.3,14.2,24.4,16.4,23.3,20.9,30.4,22.6,29.3,27.6,36.5,152.9,180.8,169.9,230.7,5497760.0,4123262.0,4.59,0.07324,1.3691,2025,7,0.4382549309311553,1.5238800240724537
2025-08,7071554.0,1.56,1.3651014817417402,1.946106,1.523,1.497092237219218,10.6,17.1,14.3,24.8,16.8,23.3,20.9,30.6,23.1,29.5,27.6,36.5,189.7,207.2,171.7,235.8,4162624.0,3451778.0,4.62,0.0738,1.3802,2025,8,0.44468582126144574,1.5303947050936475
2025-09,8372287.0,1.62,1.369629287184215,1.9809688,1.5311176470588237,1.508046025734833,11.0,17.9,14.1,24.5,17.1,23.9,20.7,30.1,23.1,29.8,27.4,35.6,200.4,208.3,166.5,250.2,5210849.0,5070068.0,4.15,0.07481,1.3833,2025,9,0.4824261492442928,1.423108334242607
2025-10,8932352.0,1.43,1.3598677025738295,2.0182194,1.5578823529411765,1.5113395070957982,8.6,15.9,13.3,22.6,15.5,22.7,20.8,29.0,22.5,29.4,28.2,35.4,84.7,41.7,57.3,61.9,8733077.0,5436053.0,4.42,0.07593,1.3992,2025,10,0.3576744442718159,1.4861396960896067
2025-11,,1.37,1.419085647261459,2.0364470000000003,1.647529411764706,1.5654022942594918,4.7,12.0,10.2,17.2,13.4,20.7,19.1,25.7,22.1,29.3,28.1,34.1,3.5,0.4,0.7,0.5,,,4.62,0.0763,1.4055,2025,11,0.3148107398400336,1.5303947050936475
2025-12,,1.62,1.318066735175318,2.0459120000000004,1.5654117647058825,1.4883702910933108,5.9,11.2,9.7,15.2,13.2,19.2,18.3,23.5,20.5,27.2,26.8,31.8,10.5,19.9,6.8,6.2,,,4.83,0.07634,1.3802,2025,12,0.4824261492442928,1.5748464676644813
2026-01,,,1.2822889462436036,2.0961795000000003,1.5584117647058824,1.4726793388411108,3.8,10.0,8.7,14.0,12.3,18.3,17.5,22.1,20.8,26.6,26.3,30.2,15.8,16.0,12.1,43.3,,,,0.07807,1.3778,2026,1,,
